feature,weight
budget <= -1.00,-74998999.36335456
director_revenue_budget <= -9464337.75,-29397971.579851776
91.00 < rating_vote_interaction <= 183.60,-7871738.3499877425
