feature,weight
budget <= -1.00,-73169959.72688673
director_revenue_budget <= -9464337.75,-34246084.65070405
183.60 < rating_vote_interaction <= 597.90,-6638631.085177979
