feature,weight
budget <= -1.00,-73110124.98115493
director_revenue_budget <= -9464337.75,-29853122.267159857
183.60 < rating_vote_interaction <= 597.90,-6201474.269802266
