feature,weight
director_revenue_budget <= -9464337.75,-15832604.65453085
budget <= -1.00,-13648594.290841337
183.60 < rating_vote_interaction <= 597.90,-5257137.770208916
