feature,weight
director_revenue_budget <= -9464337.75,-15678956.944231704
budget <= -1.00,-13489455.723946013
183.60 < rating_vote_interaction <= 597.90,-5706006.790506597
