feature,weight
budget <= -1.00,-14422127.015131714
director_revenue_budget <= -9464337.75,-14040470.760930654
91.00 < rating_vote_interaction <= 183.60,-8237977.062612099
