feature,weight
budget <= -1.00,-32719238.870397467
director_revenue_budget <= -9464337.75,-31660291.57986515
91.00 < rating_vote_interaction <= 183.60,-17620433.958144624
