feature,weight
director_revenue_budget <= -9464337.75,-31773690.704703797
budget <= -1.00,-31539657.61885881
183.60 < rating_vote_interaction <= 597.90,-16468094.635720488
