feature,weight
director_revenue_budget <= -9464337.75,-32269064.091269027
budget <= -1.00,-32079365.236098647
183.60 < rating_vote_interaction <= 597.90,-16510835.937772818
