feature,weight
director_revenue_budget <= -9464337.75,-27126174.86756447
budget <= -1.00,-25489163.021333717
183.60 < rating_vote_interaction <= 597.90,-6494699.145600849
