feature,weight
budget <= -1.00,-25563814.199984495
director_revenue_budget <= -9464337.75,-24127284.299079224
91.00 < rating_vote_interaction <= 183.60,-7379590.392007813
