feature,weight
budget <= -1.00,-27392810.307923745
director_revenue_budget <= -9464337.75,-25228881.299385104
183.60 < rating_vote_interaction <= 597.90,-7305997.530384487
