feature,weight
director_revenue_budget <= -9464337.75,-33078364.436015837
budget <= -1.00,-30963548.966776542
183.60 < rating_vote_interaction <= 597.90,-17140065.07151166
