feature,weight
director_revenue_budget <= -9464337.75,-30404507.177530438
budget <= -1.00,-29855195.909498155
91.00 < rating_vote_interaction <= 183.60,-18110706.104937166
