feature,weight
director_revenue_budget <= -9464337.75,-32245403.3842605
budget <= -1.00,-30224970.491634473
183.60 < rating_vote_interaction <= 597.90,-17762428.565679498
