feature,weight
budget <= -1.00,-28946019.01837954
183.60 < rating_vote_interaction <= 597.90,-5733133.351084269
director_revenue_budget <= -9464337.75,1250061.7018415763
