feature,weight
budget <= -1.00,-30055063.432041313
91.00 < rating_vote_interaction <= 183.60,-7327092.960919564
director_revenue_budget <= -9464337.75,2188092.269929062
