feature,weight
budget <= -1.00,-31428139.48613173
183.60 < rating_vote_interaction <= 597.90,-5785098.774498487
director_revenue_budget <= -9464337.75,1600378.927722409
